Date,Month,Year,Brand,Model,VehicleType,UnitsSold,PricePerVehicle,TotalRevenue,Region,Salesperson
2024-01-05,January,2024,Toyota,Corolla,Sedan,25,26000,650000,East,Alicia
2024-01-12,January,2024,Honda,Civic,Sedan,18,28000,504000,West,Marcus
2024-02-08,February,2024,Ford,F-150,Truck,14,42000,588000,South,Jordan
2024-02-15,February,2024,Toyota,RAV4,SUV,22,33000,726000,North,Leah
2024-03-04,March,2024,Honda,CR-V,SUV,20,32000,640000,East,Nina
2024-03-18,March,2024,Chevrolet,Malibu,Sedan,17,24000,408000,West,Daniel
2024-04-07,April,2024,Ford,Escape,SUV,19,31000,589000,South,Olivia
2024-04-21,April,2024,Toyota,Camry,Sedan,24,29000,696000,North,Noah
2024-05-06,May,2024,Honda,Accord,Sedan,21,30000,630000,East,Grace
2024-05-23,May,2024,Chevrolet,Camaro,Coupe,12,35000,420000,West,Henry
2024-06-10,June,2024,Ford,F-150,Truck,18,42000,756000,South,Emma
2024-06-28,June,2024,Toyota,Highlander,SUV,23,39000,897000,North,Lucas
2024-07-03,July,2024,Honda,CR-V,SUV,27,32000,864000,East,Isabella
2024-07-17,July,2024,Ford,Explorer,SUV,16,37000,592000,West,James
2024-08-09,August,2024,Toyota,Corolla,Sedan,29,26000,754000,South,Evelyn
2024-08-22,August,2024,Chevrolet,Equinox,SUV,18,29000,522000,North,Michael
2024-09-05,September,2024,Honda,Civic,Sedan,26,28000,728000,East,Liam
2024-09-19,September,2024,Ford,Escape,SUV,20,31000,620000,West,Sophia
2024-10-08,October,2024,Toyota,RAV4,SUV,28,33000,924000,South,Ava
2024-10-25,October,2024,Honda,Accord,Sedan,22,30000,660000,North,Ben
2024-11-06,November,2024,Chevrolet,Malibu,Sedan,16,24000,384000,East,Chloe
2024-11-21,November,2024,Ford,F-150,Truck,21,42000,882000,West,Alexander
2024-12-04,December,2024,Toyota,Highlander,SUV,30,39000,1170000,South,Harper
2024-12-18,December,2024,Honda,CR-V,SUV,25,32000,800000,North,Samuel
